group	samples
target	SRR1791062
target	SRR4416274
target	SRR1799003
target	SRR1797051
target	SRR2059687
target	SRR2083192
target	SRR1799077
target	SRR1559166
target	SRR1798962
target	SRR1559078
target	SRR2239709
target	SRR1799062
target	SRR1797031
target	SRR4416291
target	SRR1796994
target	SRR1796918
target	SRR1796881
target	SRR5115240
target	SRR1559064
target	SRR1791142
target	SRR4416286
target	SRR1791011
target	SRR1810621
target	SRR1790995
target	SRR2042847
target	SRR1798956
target	SRR1559084
target	SRR2083108
target	SRR1791156
target	SRR1810608
target	SRR1791056
target	SRR1797012
target	SRR4416303
target	SRR1791084
target	SRR1559069
target	SRR1559152
target	SRR2083175
target	SRR1797061
target	SRR4376029
target	SRR1791006
target	SRR1810595
target	SRR1796878
target	SRR1797108
target	SRR1791024
target	SRR4376031
target	SRR2083200
target	SRR2239695
target	SRR2083129
target	SRR1791102
target	SRR1797025
target	SRR4416280
target	SRR1796923
target	SRR1799023
target	SRR1796896
target	SRR1791028
target	SRR1799049
target	SRR1799081
target	SRR2239716
target	SRR1791046
target	SRR1559081
target	SRR1799067
target	SRR1791121
target	SRR1559105
target	SRR2042838
target	SRR2083126
target	SRR1559091
target	SRR2083199
target	SRR2239672
target	SRR1559086
target	SRR3162253
target	SRR1797047
target	SRR2083137
target	SRR1797068
target	SRR1797052
target	SRR1791111
target	SRR1797007
target	SRR1796908
target	SRR1791065
target	SRR1810618
target	SRR4416288
target	SRR1797109
target	SRR1791009
target	SRR1797064
target	SRR1791072
target	SRR1796869
target	SRR4416267
target	SRR4419569
target	SRR1796887
target	SRR1796860
target	SRR1796888
target	SRR1559130
target	SRR2239714
target	SRR2059688
target	SRR1559053
target	SRR2083144
target	SRR1791055
target	SRR2239711
target	SRR1799012
target	SRR4416277
target	SRR2083156
target	SRR1799030
target	SRR4416279
target	SRR1810620
target	SRR1791132
target	SRR5912876
target	SRR2239658
target	SRR1797011
target	SRR1784862
target	SRR1791079
target	SRR1559191
target	SRR1798959
target	SRR1796873
target	SRR1791145
target	SRR1797120
target	SRR4416285
target	SRR1797050
target	SRR2083203
target	SRR1559141
target	SRR1796917
target	SRR4416295
target	SRR1791023
target	SRR1559171
target	SRR2042845
target	SRR2042839
target	SRR1791075
target	SRR4416297
target	SRR2239712
target	SRR1784866
target	SRR1559040
target	SRR2083202
target	SRR2083160
target	SRR1797013
target	SRR1559041
target	SRR1798991
target	SRR1559067
target	SRR1797006
target	SRR527439
target	SRR4419561
target	SRR1559106
target	SRR1796970
target	SRR1810626
target	SRR1810629
target	SRR1796990
target	SRR2239687
target	SRR1799055
target	SRR1797130
target	SRR4376036
target	SRR2239720
target	SRR2239691
target	SRR1798963
target	SRR1799065
target	SRR4416268
target	SRR2239663
target	SRR2042846
target	SRR2239666
target	SRR1791090
target	SRR1791005
target	SRR1559059
target	SRR2083177
target	SRR1799009
target	SRR2239655
target	SRR1796944
target	SRR1810574
target	SRR1799025
target	SRR1791170
target	SRR2083178
target	SRR1791169
target	SRR1799022
target	SRR2239667
target	SRR1559128
target	SRR1798990
target	SRR1798957
target	SRR5912867
target	SRR1790996
target	SRR1797098
target	SRR1797066
target	SRR2042863
target	SRR1791095
target	SRR1559137
target	SRR1559087
target	SRR1797022
target	SRR2083106
target	SRR1791027
target	SRR1798961
target	SRR4416276
target	SRR2239673
target	SRR1810645
target	SRR1797063
target	SRR1559095
target	SRR1810585
target	SRR2239668
target	SRR2239664
target	SRR1797038
target	SRR2083121
target	SRR1797005
target	SRR1790988
target	SRR1796929
target	SRR2239684
target	SRR1559098
target	SRR1791163
target	SRR1799079
target	SRR1799031
target	SRR4376038
target	SRR2083198
target	SRR1791127
target	SRR2042860
target	SRR1791013
target	SRR1791025
target	SRR1799013
target	SRR1559082
target	SRR1559190
target	SRR1810583
target	SRR4416265
target	SRR1796915
target	SRR1791103
target	SRR1810576
target	SRR1798982
target	SRR2083164
target	SRR1810575
target	SRR4416270
target	SRR1791032
target	SRR1810604
target	SRR1559037
target	SRR1791148
target	SRR1791091
target	SRR1799042
target	SRR1796941
target	SRR2239704
target	SRR2083134
target	SRR1791160
target	SRR1791173
target	SRR1559132
target	SRR2083143
target	SRR1799024
target	SRR1559187
target	SRR1559188
target	SRR4376028
target	SRR1797090
target	SRR1791149
target	SRR527440
target	SRR1796926
target	SRR1559050
target	SRR1559134
target	SRR1559178
target	SRR2083149
target	SRR4376045
target	SRR1559175
target	SRR1791050
target	SRR1810804
target	SRR1559047
target	SRR4376044
target	SRR1791109
target	SRR1796875
target	SRR1790985
target	SRR1559113
target	SRR1798984
target	SRR1559129
target	SRR4376040
target	SRR1791000
target	SRR1799005
target	SRR1796877
target	SRR1799017
target	SRR1798979
target	SRR1810597
target	SRR1796953
target	SRR1797053
target	SRR1796945
target	SRR4416292
target	SRR1796912
target	SRR1791078
target	SRR1796973
target	SRR1796907
target	SRR2083172
target	SRR1791008
target	SRR2083107
target	SRR1797116
target	SRR1790984
target	SRR1797087
target	SRR1799072
target	SRR1559146
target	SRR4376050
target	SRR2239662
target	SRR1796859
target	SRR1796866
target	SRR1810614
target	SRR1796950
target	SRR1791081
target	SRR1791106
target	SRR1799011
target	SRR1796886
target	SRR4419558
target	SRR1810596
target	SRR2042857
target	SRR1798953
target	SRR1559046
target	SRR1810580
target	SRR1559119
target	SRR1796939
target	SRR2083139
target	SRR4419565
target	SRR2239665
target	SRR1797075
target	SRR2083125
target	SRR1796952
target	SRR4376032
target	SRR1796880
target	SRR1791136
target	SRR1791031
target	SRR1797042
target	SRR1796922
target	SRR1559140
target	SRR3162237
target	SRR1791162
target	SRR1790999
target	SRR1799028
target	SRR1798969
target	SRR1559039
target	SRR1799048
target	SRR2239671
target	SRR1797091
target	SRR1796876
target	SRR1798989
target	SRR1797074
target	SRR1784869
target	SRR1799010
target	SRR2083145
target	SRR1797065
target	SRR1791015
target	SRR1799066
target	SRR1559139
target	SRR1559161
target	SRR1799075
target	SRR2083113
target	SRR1810587
target	SRR1796863
target	SRR1796997
target	SRR1810578
target	SRR1798965
target	SRR1559070
target	SRR1810641
target	SRR4416262
target	SRR1797034
target	SRR4416293
target	SRR2083154
target	SRR1810582
target	SRR1791004
target	SRR1796998
target	SRR1796992
target	SRR2239700
target	SRR1796921
target	SRR4416296
target	SRR1799054
target	SRR4376043
target	SRR1810607
target	SRR1796902
target	SRR4419568
target	SRR1784864
target	SRR1810581
target	SRR4416287
target	SRR1791158
target	SRR4416284
target	SRR1791092
target	SRR1559034
target	SRR2083116
target	SRR1810606
target	SRR1796942
target	SRR1798973
target	SRR1797057
target	SRR1559179
target	SRR4416258
target	SRR1810637
target	SRR1797081
target	SRR1810643
target	SRR1799007
target	SRR1791104
target	SRR5912872
target	SRR1559149
target	SRR1559192
target	SRR1796979
target	SRR1798999
target	SRR4419562
target	SRR1559074
target	SRR2239675
target	SRR1791099
target	SRR1791077
target	SRR1799070
target	SRR2042832
target	SRR1796920
target	SRR1798967
target	SRR4416257
target	SRR1798952
target	SRR1791060
target	SRR1796975
target	SRR4416289
target	SRR1791063
target	SRR4416271
target	SRR1559072
target	SRR1791087
target	SRR2083157
target	SRR1797059
target	SRR2083128
target	SRR1796987
target	SRR1796914
target	SRR1559052
target	SRR1712456
target	SRR1798977
target	SRR1796931
target	SRR1797128
target	SRR1791151
target	SRR5912869
target	SRR1798983
target	SRR1559038
target	SRR1796969
target	SRR1559032
target	SRR4419566
target	SRR1798978
target	SRR4419571
target	SRR2239661
target	SRR1810579
target	SRR1559103
target	SRR1810638
target	SRR1796865
target	SRR1797002
target	SRR4416304
target	SRR1796882
target	SRR2083155
target	SRR1791026
target	SRR1798986
target	SRR1791120
target	SRR1797030
target	SRR2239694
target	SRR1791019
target	SRR2083186
target	SRR1796861
target	SRR1791108
target	SRR2083109
target	SRR4416264
target	SRR1796892
target	SRR1791020
target	SRR1791073
target	SRR1791001
target	SRR1796911
target	SRR1797058
target	SRR1810625
target	SRR1796951
target	SRR1791083
target	SRR1559101
target	SRR1796891
target	SRR1799060
target	SRR1810610
target	SRR4419564
target	SRR1791131
target	SRR1791101
target	SRR1559036
target	SRR2083133
target	SRR1810631
target	SRR1796919
target	SRR1791074
target	SRR2239670
target	SRR1796900
target	SRR2083159
target	SRR1797083
target	SRR2239685
target	SRR2083130
target	SRR1791137
target	SRR2239653
target	SRR1796983
target	SRR1797021
target	SRR1797062
target	SRR1791105
target	SRR1797100
target	SRR1791115
target	SRR2083131
target	SRR1791064
target	SRR1559158
target	SRR2083120
target	SRR1791128
target	SRR1791003
target	SRR1559071
target	SRR5912865
target	SRR2083179
target	SRR1559083
target	SRR1797110
target	SRR4416290
target	SRR1791125
target	SRR1797045
target	SRR1796894
target	SRR1797023
target	SRR2239654
target	SRR1797070
target	SRR1799085
target	SRR2239710
target	SRR1797082
target	SRR1797026
target	SRR1798955
target	SRR1559092
target	SRR1810605
target	SRR2083165
target	SRR2083114
target	SRR2083153
target	SRR1559104
target	SRR2083117
target	SRR1559089
target	SRR4416299
target	SRR1797107
target	SRR1791129
target	SRR1559042
target	SRR1559189
target	SRR4376033
target	SRR2083140
target	SRR4419559
target	SRR1799008
target	SRR1796909
target	SRR2083194
target	SRR1559076
target	SRR4419553
target	SRR1791088
target	SRR2042854
target	SRR2239708
target	SRR1791119
target	SRR1791112
target	SRR1791168
target	SRR1796895
target	SRR4376042
target	SRR1796963
target	SRR1790991
target	SRR1797125
target	SRR1796962
target	SRR1797039
target	SRR1797102
target	SRR1559153
target	SRR1796949
target	SRR1559118
target	SRR2083162
target	SRR1810600
target	SRR4416298
target	SRR2083118
target	SRR2042855
target	SRR1559156
target	SRR1712457
target	SRR1559073
target	SRR2239680
target	SRR1796966
target	SRR1791157
target	SRR1799029
target	SRR2083168
target	SRR2042856
target	SRR1796928
target	SRR4376034
target	SRR1791071
target	SRR1810588
target	SRR1796989
target	SRR4376047
target	SRR1797121
target	SRR1559117
target	SRR1559123
target	SRR5912871
target	SRR1797097
target	SRR1798964
target	SRR1797123
target	SRR1791021
target	SRR4416261
target	SRR1796904
target	SRR1791135
target	SRR1799032
target	SRR4419563
target	SRR1791058
target	SRR2239674
target	SRR1796974
target	SRR1559100
target	SRR1796905
target	SRR2083148
target	SRR1791094
target	SRR2042862
target	SRR2059684
target	SRR1559185
target	SRR1796870
target	SRR1791030
target	SRR1791114
target	SRR2239686
target	SRR1810632
target	SRR1799040
target	SRR2083111
target	SRR1791059
target	SRR4419570
target	SRR527438
target	SRR2042835
target	SRR1559143
target	SRR1797046
target	SRR1797060
target	SRR1791098
target	SRR1797069
target	SRR1798993
target	SRR2083190
target	SRR1559120
target	SRR1790998
target	SRR2083163
target	SRR2042844
target	SRR1791124
target	SRR2083167
target	SRR1810586
target	SRR1796901
target	SRR2083122
target	SRR1559160
target	SRR1796991
target	SRR1798997
target	SRR1810609
target	SRR1559097
target	SRR1796960
target	SRR1810611
target	SRR5912868
target	SRR1797080
target	SRR1796906
target	SRR1559124
target	SRR1796937
target	SRR1796956
target	SRR3162160
target	SRR1559145
target	SRR1791159
target	SRR1790990
target	SRR4376037
target	SRR2083151
target	SRR1559090
target	SRR1796967
target	SRR1796946
target	SRR1810639
target	SRR1796890
target	SRR1559075
target	SRR1559164
target	SRR1799069
target	SRR2042842
target	SRR2042834
target	SRR1796871
target	SRR4376030
target	SRR1791069
target	SRR2239681
target	SRR1559159
target	SRR1797112
target	SRR1796933
target	SRR1796976
target	SRR1797117
target	SRR1559147
target	SRR2083132
target	SRR1797067
target	SRR1798998
target	SRR1797126
target	SRR4419556
target	SRR4416301
target	SRR1810635
target	SRR2083141
target	SRR1559148
target	SRR1799002
target	SRR1559183
target	SRR1712465
target	SRR1810803
target	SRR1791118
target	SRR1791153
target	SRR1796957
target	SRR1797040
target	SRR1796959
target	SRR2083197
target	SRR5912875
target	SRR1791167
target	SRR1559163
target	SRR2239693
target	SRR2239696
target	SRR4376051
target	SRR1810577
target	SRR1791047
target	SRR1810644
target	SRR2083188
target	SRR1797028
target	SRR1791147
target	SRR4376046
target	SRR1559033
target	SRR1797129
target	SRR2042850
target	SRR4376048
target	SRR1797111
target	SRR1791022
target	SRR1559085
target	SRR1798970
target	SRR1791150
target	SRR1810599
target	SRR1797101
target	SRR1790989
target	SRR1791057
target	SRR2059685
target	SRR1796940
target	SRR4419555
target	SRR1796916
target	SRR1797124
target	SRR1796999
target	SRR1796924
target	SRR1796965
target	SRR1559184
target	SRR2042833
target	SRR1810602
target	SRR2042861
target	SRR4416278
target	SRR1791143
target	SRR1791113
target	SRR1799057
target	SRR2083136
target	SRR1791139
target	SRR1791154
target	SRR1559136
target	SRR1821181
target	SRR1798981
target	SRR1791016
target	SRR1796938
target	SRR1791141
target	SRR5912870
target	SRR1791002
target	SRR1790997
target	SRR1559058
target	SRR4376049
target	SRR1797024
target	SRR2083166
target	SRR1799051
target	SRR4416260
target	SRR1559065
target	SRR4376026
target	SRR2239698
target	SRR1791041
target	SRR1791138
target	SRR1797043
target	SRR2083115
target	SRR1797106
target	SRR1559107
target	SRR1797014
target	SRR1791165
target	SRR1559115
target	SRR1797118
target	SRR2083152
target	SRR1799073
target	SRR1559049
target	SRR1712462
target	SRR1796978
target	SRR1791117
target	SRR2083195
target	SRR1810640
target	SRR1559154
target	SRR1559116
target	SRR1796982
target	SRR1712453
target	SRR1791035
target	SRR1798972
target	SRR2239676
target	SRR1559174
target	SRR2239697
target	SRR1791010
target	SRR1559054
target	SRR1810612
target	SRR1796954
target	SRR4416294
target	SRR1797078
target	SRR1797010
target	SRR1797016
target	SRR2239702
target	SRR1797073
target	SRR2239688
target	SRR1799083
target	SRR1559122
target	SRR1559051
target	SRR1559135
target	SRR2239659
target	SRR1797017
target	SRR1799047
target	SRR2239692
target	SRR1559165
target	SRR1796897
target	SRR4416275
target	SRR2083183
target	SRR1810594
target	SRR4419560
target	SRR1791093
target	SRR1796858
target	SRR1796948
target	SRR1791122
target	SRR1790992
target	SRR1797104
target	SRR1797041
target	SRR1559177
target	SRR1791123
target	SRR4416259
target	SRR1791152
target	SRR2239678
target	SRR1790987
target	SRR1796889
target	SRR1799086
target	SRR1791039
target	SRR1797056
target	SRR1797009
target	SRR1791012
target	SRR1791140
target	SRR1799000
target	SRR2239669
target	SRR1559186
target	SRR2042858
target	SRR1797044
target	SRR1799063
target	SRR4416263
target	SRR1796885
target	SRR2239679
target	SRR1559109
target	SRR1791061
target	SRR2239701
target	SRR1797000
target	SRR1798966
target	SRR1796925
target	SRR1810617
target	SRR4416283
target	SRR1810622
target	SRR1559112
target	SRR1791130
target	SRR1798976
target	SRR1791144
target	SRR2042840
target	SRR2239718
target	SRR1796971
target	SRR4376039
target	SRR1796986
target	SRR1799018
target	SRR2083110
target	SRR1799001
target	SRR1798968
target	SRR1712458
target	SRR1799006
target	SRR1559111
target	SRR2083169
target	SRR1559044
target	SRR1559045
target	SRR1791033
target	SRR1799041
target	SRR4416272
target	SRR1559061
target	SRR1559062
target	SRR3162195
target	SRR1559056
target	SRR1797071
target	SRR1559144
target	SRR1799084
target	SRR1559099
target	SRR2083119
target	SRR1796972
target	SRR1796872
target	SRR1791085
target	SRR1559162
target	SRR1791045
target	SRR1559043
target	SRR1791036
target	SRR1810603
target	SRR1799058
target	SRR1790994
target	SRR1796899
target	SRR5912863
target	SRR1559150
target	SRR1797113
target	SRR1791052
target	SRR1796985
target	SRR1791086
target	SRR2083147
target	SRR1799068
target	SRR1791007
target	SRR5912864
target	SRR1784867
target	SRR2083185
target	SRR2083142
target	SRR1791134
target	SRR4376035
target	SRR1799014
target	SRR2042836
target	SRR1797076
target	SRR1799082
target	SRR2239713
target	SRR1797020
target	SRR1797079
target	SRR1784868
target	SRR2042852
target	SRR1799056
target	SRR1559088
target	SRR1810598
target	SRR2083184
target	SRR1796913
target	SRR1798974
target	SRR1791070
target	SRR1798954
target	SRR1559094
target	SRR1791038
target	SRR1797004
target	SRR1799044
target	SRR1559176
target	SRR2239689
target	SRR1798992
target	SRR1559060
target	SRR1559126
target	SRR1791043
target	SRR2083171
target	SRR1559142
target	SRR1559168
target	SRR2083150
target	SRR1796961
target	SRR1559110
target	SRR2042843
target	SRR4416302
target	SRR1796862
target	SRR4419567
target	SRR2083201
target	SRR1796955
target	SRR2083187
target	SRR1797127
target	SRR1791044
target	SRR1791164
target	SRR1791017
target	SRR1799015
target	SRR1799027
target	SRR4376027
target	SRR1799059
target	SRR2083191
target	SRR1797019
target	SRR1798971
target	SRR1559093
target	SRR1796964
target	SRR1799020
target	SRR1559108
target	SRR1810590
target	SRR1799038
target	SRR1797122
target	SRR1797015
target	SRR2239690
target	SRR1821985
target	SRR2083138
target	SRR1797003
target	SRR2239683
target	SRR2239706
target	SRR1559182
target	SRR1796930
target	SRR4416300
target	SRR2239677
target	SRR1791110
target	SRR1559180
target	SRR1791067
target	SRR1791080
target	SRR1784865
target	SRR2239656
target	SRR1559096
target	SRR1559121
target	SRR1796932
target	SRR1559127
target	SRR1797008
target	SRR2083127
target	SRR1791172
target	SRR1559066
target	SRR1791029
target	SRR1559173
target	SRR1712455
target	SRR1799074
target	SRR1810616
target	SRR1559080
target	SRR1791107
target	SRR1559157
target	SRR1797018
target	SRR1798960
target	SRR1559114
target	SRR1797036
target	SRR1797103
target	SRR1810601
target	SRR1791066
target	SRR1712464
target	SRR2239707
target	SRR1797088
target	SRR1798985
target	SRR1559102
target	SRR2239657
target	SRR2083193
target	SRR1796958
target	SRR1796943
target	SRR2083135
target	SRR1791042
target	SRR2083170
target	SRR2083174
target	SRR1791053
target	SRR1559138
target	SRR1799080
target	SRR1796910
target	SRR5912874
target	SRR1791034
target	SRR1791161
target	SRR2083173
target	SRR2239703
target	SRR1810589
target	SRR1559077
target	SRR1791082
target	SRR2083196
target	SRR1559125
target	SRR1791054
target	SRR1810593
target	SRR2239682
target	SRR1796884
target	SRR1810613
target	SRR4416266
target	SRR1821182
target	SRR1791051
target	SRR1559155
target	SRR4376025
target	SRR1810623
target	SRR1799061
target	SRR1796984
target	SRR4419554
target	SRR1559170
target	SRR1810630
target	SRR2042848
target	SRR2083112
target	SRR1559068
target	SRR1797054
target	SRR1810615
target	SRR1796988
target	SRR1797035
target	SRR2083180
target	SRR1790986
target	SRR1796883
target	SRR1796868
target	SRR1799016
target	SRR1799052
target	SRR1796995
target	SRR1798994
target	SRR1712460
target	SRR1796977
target	SRR1810592
target	SRR2083189
target	SRR1797049
target	SRR5912866
target	SRR2042841
target	SRR1796879
target	SRR1810591
target	SRR1784861
target	SRR1712463
target	SRR1559048
target	SRR1559172
target	SRR1796893
target	SRR2042849
target	SRR2042853
target	SRR1796857
target	SRR1712454
target	SRR1790993
target	SRR1796993
target	SRR1796898
target	SRR1799004
target	SRR2239717
target	SRR1797077
target	SRR2239660
target	SRR1791096
target	SRR2042859
target	SRR2083161
target	SRR1799019
target	SRR1798958
target	SRR1799053
target	SRR1797001
target	SRR2042837
target	SRR1559057
target	SRR1559151
target	SRR1791166
target	SRR1797115
target	SRR1791097
target	SRR2083181
target	SRR1791040
target	SRR1712459
target	SRR2239699
target	SRR1796947
target	SRR4416282
target	SRR1798980
target	SRR4376041
target	SRR2059683
target	SRR1791126
target	SRR1799026
target	SRR1791014
target	SRR4416281
target	SRR1810628
target	SRR1799043
target	SRR1797029
target	SRR1559079
target	SRR1810584
target	SRR1798995
target	SRR1791116
target	SRR2239705
target	SRR5115241
target	SRR1791049
target	SRR3162212
target	SRR1791100
target	SRR1559133
target	SRR1796864
target	SRR1810633
target	SRR1797105
target	SRR1810619
target	SRR1559055
target	SRR1798987
target	SRR1559031
target	SRR5912873
target	SRR1797032
target	SRR1791089
target	SRR1810636
target	SRR1791068
target	SRR1796980
target	SRR1797055
target	SRR1810634
target	SRR1796981
target	SRR1798996
target	SRR1797048
target	SRR1791133
target	SRR1791146
target	SRR2083182
target	SRR1559063
target	SRR4416269
target	SRR2083146
target	SRR1798975
target	SRR1784863
target	SRR1791076
target	SRR1797033
target	SRR1791018
target	SRR1796996
target	SRR1799076
target	SRR1798988
target	SRR1796927
target	SRR2059686
target	SRR2083176
target	SRR1796867
target	SRR2083158
target	SRR1559131
target	SRR1796903
target	SRR1810627
target	SRR1796874
target	SRR5115239
target	SRR1797099
target	SRR1791155
target	SRR2083124
target	SRR1797072
target	SRR1559035
target	SRR4416273
target	SRR1797037
target	SRR4419557
target	SRR1810624
target	SRR1799021
target	SRR1797027
target	SRR1559181
target	SRR1559167
target	SRR1712461
target	SRR1796968
target	SRR1791048
target	SRR2042851
target	SRR1810642
target	SRR1797119
gtex	SRR1396250
gtex	SRR614599
gtex	SRR812773
gtex	SRR1416841
gtex	SRR1388081
gtex	SRR1348951
gtex	SRR808728
gtex	SRR1456548
gtex	SRR1442800
gtex	SRR815020
gtex	SRR1351979
gtex	SRR1089504
gtex	SRR1471713
gtex	SRR820779
gtex	SRR659121
gtex	SRR1089901
gtex	SRR1387308
gtex	SRR1375774
gtex	SRR1105272
gtex	SRR1375756
gtex	SRR1442754
gtex	SRR1432913
gtex	SRR817832
gtex	SRR1368874
gtex	SRR1410890
gtex	SRR1092208
gtex	SRR598452
gtex	SRR1418628
gtex	SRR816770
gtex	SRR1472486
gtex	SRR1444002
gtex	SRR614143
gtex	SRR1459845
gtex	SRR1352147
gtex	SRR1459889
gtex	SRR1389497
gtex	SRR1430507
gtex	SRR1076393
gtex	SRR657054
gtex	SRR1102031
gtex	SRR1334512
gtex	SRR1327951
gtex	SRR614383
gtex	SRR1074140
gtex	SRR5125374
gtex	SRR660602
gtex	SRR1340804
gtex	SRR615647
gtex	SRR1082685
gtex	SRR820709
gtex	SRR1362395
gtex	SRR1101324
gtex	SRR662067
gtex	SRR1392186
gtex	SRR1434845
gtex	SRR817715
gtex	SRR1101106
gtex	SRR1468532
gtex	SRR659935
gtex	SRR1366813
gtex	SRR658633
gtex	SRR1096662
gtex	SRR1440137
gtex	SRR660295
gtex	SRR1353663
gtex	SRR1322900
gtex	SRR1440852
gtex	SRR1356397
gtex	SRR1317685
gtex	SRR617829
gtex	SRR1324496
gtex	SRR1401885
gtex	SRR1338384
gtex	SRR662282
gtex	SRR1435730
gtex	SRR661529
gtex	SRR1481083
gtex	SRR1352021
gtex	SRR614011
gtex	SRR812177
gtex	SRR627435
gtex	SRR1319242
gtex	SRR665262
gtex	SRR1455236
gtex	SRR1472102
gtex	SRR1460211
gtex	SRR612683
gtex	SRR661913
gtex	SRR809348
gtex	SRR1403280
gtex	SRR1335627
gtex	SRR1388832
gtex	SRR1345760
gtex	SRR661854
gtex	SRR1415684
gtex	SRR1468004
gtex	SRR809444
gtex	SRR602034
gtex	SRR614635
gtex	SRR1457291
gtex	SRR1453093
gtex	SRR1476697
gtex	SRR1458683
gtex	SRR1318605
gtex	SRR659295
gtex	SRR1440101
gtex	SRR1486719
gtex	SRR1354117
gtex	SRR1447938
gtex	SRR1349276
gtex	SRR816226
gtex	SRR1472794
gtex	SRR615323
gtex	SRR1441975
gtex	SRR1401839
gtex	SRR812562
gtex	SRR1477837
gtex	SRR1356660
gtex	SRR1071403
gtex	SRR659911
gtex	SRR661553
gtex	SRR1473078
gtex	SRR818110
gtex	SRR1071594
gtex	SRR1437274
gtex	SRR2170696
gtex	SRR1360080
gtex	SRR1318560
gtex	SRR1471117
gtex	SRR1415337
gtex	SRR1415773
gtex	SRR1476300
gtex	SRR613999
gtex	SRR614251
gtex	SRR1320203
gtex	SRR1355102
gtex	SRR1098879
gtex	SRR1092257
gtex	SRR1458852
gtex	SRR1436651
gtex	SRR1327593
gtex	SRR1467966
gtex	SRR1365448
gtex	SRR5125359
gtex	SRR1401379
gtex	SRR662847
gtex	SRR1398752
gtex	SRR1311419
gtex	SRR661242
gtex	SRR1388528
gtex	SRR656071
gtex	SRR5125347
gtex	SRR1334291
gtex	SRR1355396
gtex	SRR615311
gtex	SRR1312684
gtex	SRR615177
gtex	SRR1340598
gtex	SRR1403366
gtex	SRR1365791
gtex	SRR656958
gtex	SRR1435460
gtex	SRR813935
gtex	SRR1358713
gtex	SRR1416672
gtex	SRR1398728
gtex	SRR1443003
gtex	SRR657139
gtex	SRR1430525
gtex	SRR1473696
gtex	SRR810007
gtex	SRR1361480
gtex	SRR1480745
gtex	SRR614179
gtex	SRR1432890
gtex	SRR1402368
gtex	SRR601500
gtex	SRR1443436
gtex	SRR5125419
gtex	SRR1350503
gtex	SRR1436420
gtex	SRR1413722
gtex	SRR1453456
gtex	SRR1397218
gtex	SRR1089230
gtex	SRR1473040
gtex	SRR1342782
gtex	SRR1433860
gtex	SRR1353555
gtex	SRR2164650
gtex	SRR1070813
gtex	SRR810595
gtex	SRR1452864
gtex	SRR1094312
gtex	SRR1474999
gtex	SRR1357103
gtex	SRR603116
gtex	SRR1325527
gtex	SRR662594
gtex	SRR1361546
gtex	SRR1470798
gtex	SRR1342045
gtex	SRR1375593
gtex	SRR663161
gtex	SRR817954
gtex	SRR615563
gtex	SRR1087487
gtex	SRR808520
gtex	SRR810225
gtex	SRR1436698
gtex	SRR1101787
gtex	SRR1093483
gtex	SRR1433290
gtex	SRR1434048
gtex	SRR1445573
gtex	SRR1098952
gtex	SRR1348114
gtex	SRR1500306
gtex	SRR1318815
gtex	SRR1376426
gtex	SRR1391420
gtex	SRR1375907
gtex	SRR1394169
gtex	SRR615299
gtex	SRR1443459
gtex	SRR1442708
gtex	SRR819919
gtex	SRR1369219
gtex	SRR657348
gtex	SRR811938
gtex	SRR1444120
gtex	SRR819261
gtex	SRR1343414
gtex	SRR1079660
gtex	SRR659602
gtex	SRR663898
gtex	SRR603690
gtex	SRR5125596
gtex	SRR1074646
gtex	SRR603236
gtex	SRR1491332
gtex	SRR1339108
gtex	SRR614814
gtex	SRR615635
gtex	SRR815825
gtex	SRR1337173
gtex	SRR1430729
gtex	SRR1072529
gtex	SRR1077503
gtex	SRR1331109
gtex	SRR1434009
gtex	SRR1465804
gtex	SRR818146
gtex	SRR816382
gtex	SRR1105369
gtex	SRR1364848
gtex	SRR1338055
gtex	SRR1338402
gtex	SRR1459913
gtex	SRR1418707
gtex	SRR1415792
gtex	SRR1478722
gtex	SRR663236
gtex	SRR820733
gtex	SRR1343115
gtex	SRR814363
gtex	SRR1095309
gtex	SRR658766
gtex	SRR1381481
gtex	SRR1480455
gtex	SRR1079259
gtex	SRR1101175
gtex	SRR1405123
gtex	SRR819234
gtex	SRR1440699
gtex	SRR1333083
gtex	SRR663453
gtex	SRR811169
gtex	SRR1408249
gtex	SRR1309942
gtex	SRR809233
gtex	SRR1094601
gtex	SRR1338560
gtex	SRR614960
gtex	SRR1341080
gtex	SRR1358343
gtex	SRR1499958
gtex	SRR614767
gtex	SRR659875
gtex	SRR5125352
gtex	SRR605101
gtex	SRR659436
gtex	SRR1075150
gtex	SRR1120296
gtex	SRR1415615
gtex	SRR1468447
gtex	SRR1415153
gtex	SRR1468658
gtex	SRR657480
gtex	SRR1398335
gtex	SRR603140
gtex	SRR1322619
gtex	SRR1390311
gtex	SRR819024
gtex	SRR1477149
gtex	SRR817444
gtex	SRR1101483
gtex	SRR1374647
gtex	SRR1418302
gtex	SRR1362802
gtex	SRR612827
gtex	SRR614647
gtex	SRR1388257
gtex	SRR1330854
gtex	SRR658989
gtex	SRR5125357
gtex	SRR811988
gtex	SRR1420558
gtex	SRR1439742
gtex	SRR608026
gtex	SRR809185
gtex	SRR1076847
gtex	SRR1368574
gtex	SRR1359780
gtex	SRR809725
gtex	SRR819394
gtex	SRR1467835
gtex	SRR5125376
gtex	SRR1432650
gtex	SRR1328464
gtex	SRR1486117
gtex	SRR1320225
gtex	SRR1331130
gtex	SRR817464
gtex	SRR1380716
gtex	SRR811049
gtex	SRR1456591
gtex	SRR1431927
gtex	SRR1485141
gtex	SRR1309745
gtex	SRR813983
gtex	SRR1085402
gtex	SRR1391397
gtex	SRR658707
gtex	SRR658057
gtex	SRR1383081
gtex	SRR1435626
gtex	SRR1396191
gtex	SRR1417248
gtex	SRR814563
gtex	SRR1435833
gtex	SRR1073389
gtex	SRR1333633
gtex	SRR5125370
gtex	SRR1487746
gtex	SRR662174
gtex	SRR811839
gtex	SRR1389366
gtex	SRR810945
gtex	SRR1310604
gtex	SRR1465712
gtex	SRR1091817
gtex	SRR1481060
gtex	SRR1420238
gtex	SRR812461
gtex	SRR1333971
gtex	SRR1457126
gtex	SRR811309
gtex	SRR819096
gtex	SRR813019
gtex	SRR1455653
gtex	SRR614155
gtex	SRR1370720
gtex	SRR1094051
gtex	SRR607743
gtex	SRR813560
gtex	SRR1434117
gtex	SRR662245
gtex	SRR662918
gtex	SRR1476056
gtex	SRR658501
gtex	SRR663585
gtex	SRR1368668
gtex	SRR1410221
gtex	SRR1375439
gtex	SRR1396786
gtex	SRR1344422
gtex	SRR1354644
gtex	SRR1381775
gtex	SRR1071931
gtex	SRR1095720
gtex	SRR1330723
gtex	SRR660733
gtex	SRR661397
gtex	SRR819430
gtex	SRR1394231
gtex	SRR1459739
gtex	SRR1350832
gtex	SRR1089562
gtex	SRR1477452
gtex	SRR1309702
gtex	SRR1381693
gtex	SRR615862
gtex	SRR1471594
gtex	SRR818294
gtex	SRR1396700
gtex	SRR1367988
gtex	SRR1327994
gtex	SRR658433
gtex	SRR1092349
gtex	SRR1312187
gtex	SRR1354489
gtex	SRR659235
gtex	SRR1074359
gtex	SRR1089424
gtex	SRR1080766
gtex	SRR813891
gtex	SRR1375351
gtex	SRR1338812
gtex	SRR1096057
gtex	SRR1347937
gtex	SRR5125362
gtex	SRR660788
gtex	SRR811379
gtex	SRR810249
gtex	SRR811583
gtex	SRR1086889
gtex	SRR1382615
gtex	SRR1363611
gtex	SRR1361590
gtex	SRR1476384
gtex	SRR1412987
gtex	SRR1345266
gtex	SRR1338964
gtex	SRR603566
gtex	SRR1376764
gtex	SRR1310836
gtex	SRR663249
gtex	SRR1318857
gtex	SRR1489926
gtex	SRR603496
gtex	SRR1098612
gtex	SRR1500323
gtex	SRR1338426
gtex	SRR613222
gtex	SRR663609
gtex	SRR1445365
gtex	SRR1076584
gtex	SRR1469681
gtex	SRR662978
gtex	SRR1464618
gtex	SRR817421
gtex	SRR1500170
gtex	SRR1329047
gtex	SRR660042
gtex	SRR1455104
gtex	SRR1318046
gtex	SRR1367432
gtex	SRR1437369
gtex	SRR1474863
gtex	SRR812012
gtex	SRR604718
gtex	SRR1349032
gtex	SRR1348468
gtex	SRR659816
gtex	SRR663477
gtex	SRR659720
gtex	SRR1344326
gtex	SRR1072871
gtex	SRR662354
gtex	SRR1420344
gtex	SRR614611
gtex	SRR1314916
gtex	SRR1348040
gtex	SRR1392072
gtex	SRR600656
gtex	SRR815494
gtex	SRR1379133
gtex	SRR1331922
gtex	SRR603890
gtex	SRR1319461
gtex	SRR1320469
gtex	SRR1397781
gtex	SRR1358220
gtex	SRR1392901
gtex	SRR1333570
gtex	SRR1457574
gtex	SRR1357757
gtex	SRR1071717
gtex	SRR1329154
gtex	SRR663284
gtex	SRR1339834
gtex	SRR1442928
gtex	SRR809427
gtex	SRR817234
gtex	SRR603472
gtex	SRR1338880
gtex	SRR1469080
gtex	SRR815637
gtex	SRR1317064
gtex	SRR1322662
gtex	SRR661675
gtex	SRR601695
gtex	SRR1459300
gtex	SRR660685
gtex	SRR1452334
gtex	SRR1333330
gtex	SRR1440603
gtex	SRR1091918
gtex	SRR1466512
gtex	SRR612803
gtex	SRR1315081
gtex	SRR1331639
gtex	SRR1446375
gtex	SRR1077805
gtex	SRR1361138
gtex	SRR1470923
gtex	SRR1086585
gtex	SRR1406200
gtex	SRR1318444
gtex	SRR1347214
gtex	SRR661074
gtex	SRR1452423
gtex	SRR1442127
gtex	SRR655483
gtex	SRR1430928
gtex	SRR1419086
gtex	SRR1377800
gtex	SRR1336569
gtex	SRR5125353
gtex	SRR1388873
gtex	SRR614852
gtex	SRR1414161
gtex	SRR1105057
gtex	SRR1345847
gtex	SRR665241
gtex	SRR658093
gtex	SRR1328869
gtex	SRR809595
gtex	SRR1313687
gtex	SRR1432390
gtex	SRR1309556
gtex	SRR1488172
gtex	SRR1400823
gtex	SRR1431205
gtex	SRR1459937
gtex	SRR657468
gtex	SRR615044
gtex	SRR661469
gtex	SRR656445
gtex	SRR1332187
gtex	SRR1096571
gtex	SRR814679
gtex	SRR1370780
gtex	SRR1435982
gtex	SRR1316015
gtex	SRR1442862
gtex	SRR1395509
gtex	SRR1364824
gtex	SRR664048
gtex	SRR1489116
gtex	SRR659507
gtex	SRR1389177
gtex	SRR1420649
gtex	SRR5125418
gtex	SRR1416337
gtex	SRR1345412
gtex	SRR1407516
gtex	SRR1319710
gtex	SRR659484
gtex	SRR1367693
gtex	SRR658790
gtex	SRR614059
gtex	SRR1402172
gtex	SRR1354665
gtex	SRR1419234
gtex	SRR1367109
gtex	SRR1444306
gtex	SRR661005
gtex	SRR1412947
gtex	SRR1334889
gtex	SRR1344382
gtex	SRR1344079
gtex	SRR1500006
gtex	SRR627423
gtex	SRR2184942
gtex	SRR663807
gtex	SRR614131
gtex	SRR657731
gtex	SRR1329485
gtex	SRR602010
gtex	SRR1365598
gtex	SRR655040
gtex	SRR1475930
gtex	SRR1421444
gtex	SRR1360359
gtex	SRR1420129
gtex	SRR627439
gtex	SRR656247
gtex	SRR660579
gtex	SRR1490115
gtex	SRR1310735
gtex	SRR1097035
gtex	SRR817282
gtex	SRR1402794
gtex	SRR1416955
gtex	SRR1444501
gtex	SRR1390437
gtex	SRR1401062
gtex	SRR1087825
gtex	SRR1359509
gtex	SRR659971
gtex	SRR1436280
gtex	SRR1328447
gtex	SRR5125346
gtex	SRR1314113
gtex	SRR1365034
gtex	SRR1339619
gtex	SRR2170490
gtex	SRR1383259
gtex	SRR660091
gtex	SRR1466556
gtex	SRR1334535
gtex	SRR1419258
gtex	SRR816945
gtex	SRR1408529
gtex	SRR1404461
gtex	SRR1317086
gtex	SRR1321987
gtex	SRR658259
gtex	SRR1471755
gtex	SRR1383831
gtex	SRR820518
gtex	SRR1326773
gtex	SRR1431569
gtex	SRR1348770
gtex	SRR1452912
gtex	SRR1485997
gtex	SRR1333240
gtex	SRR660859
gtex	SRR1325377
gtex	SRR1353437
gtex	SRR821326
gtex	SRR1458706
gtex	SRR1071231
gtex	SRR598044
gtex	SRR1373981
gtex	SRR660638
gtex	SRR1317832
gtex	SRR614839
gtex	SRR819054
gtex	SRR1334247
gtex	SRR1456027
gtex	SRR821364
gtex	SRR1340885
gtex	SRR1468850
gtex	SRR659696
gtex	SRR1375571
gtex	SRR1330129
gtex	SRR1404813
gtex	SRR657707
gtex	SRR1337364
gtex	SRR815044
gtex	SRR1328101
gtex	SRR1452696
gtex	SRR612395
gtex	SRR815398
gtex	SRR601671
gtex	SRR613723
gtex	SRR1455842
gtex	SRR1338536
gtex	SRR821043
gtex	SRR1392478
gtex	SRR1472976
gtex	SRR819975
gtex	SRR1432743
gtex	SRR1457315
gtex	SRR1406008
gtex	SRR1489286
gtex	SRR655088
gtex	SRR1481396
gtex	SRR1405984
gtex	SRR1389570
gtex	SRR1360338
gtex	SRR1335236
gtex	SRR1458931
gtex	SRR1419941
gtex	SRR1315517
gtex	SRR1330327
gtex	SRR1389133
gtex	SRR1332713
gtex	SRR1368117
gtex	SRR1093814
gtex	SRR810853
gtex	SRR1378243
gtex	SRR1431647
gtex	SRR1397242
gtex	SRR1082520
gtex	SRR656223
gtex	SRR5125595
gtex	SRR608428
gtex	SRR1377862
gtex	SRR1338942
gtex	SRR1402391
gtex	SRR1367715
gtex	SRR1355451
gtex	SRR1338687
gtex	SRR1416979
gtex	SRR1323152
gtex	SRR1376619
gtex	SRR1358803
gtex	SRR1377578
gtex	SRR1387222
gtex	SRR660673
gtex	SRR1499764
gtex	SRR1464835
gtex	SRR612215
gtex	SRR808968
gtex	SRR812970
gtex	SRR660709
gtex	SRR655946
gtex	SRR1088832
gtex	SRR1457949
gtex	SRR1326292
gtex	SRR1080366
gtex	SRR1369264
gtex	SRR1366543
gtex	SRR1453416
gtex	SRR598300
gtex	SRR1370637
gtex	SRR661096
gtex	SRR665393
gtex	SRR615479
gtex	SRR662653
gtex	SRR1489862
gtex	SRR2170217
gtex	SRR5125587
gtex	SRR1338648
gtex	SRR612227
gtex	SRR614263
gtex	SRR1092541
gtex	SRR1089375
gtex	SRR1320363
gtex	SRR660164
gtex	SRR1406418
gtex	SRR811491
gtex	SRR1416560
gtex	SRR1081765
gtex	SRR813656
gtex	SRR1378026
gtex	SRR1345221
gtex	SRR660776
gtex	SRR1456711
gtex	SRR1473778
gtex	SRR663693
gtex	SRR1313969
gtex	SRR658742
gtex	SRR1467125
gtex	SRR1338280
gtex	SRR1418880
gtex	SRR820907
gtex	SRR1440744
gtex	SRR1358202
gtex	SRR1336706
gtex	SRR1478362
gtex	SRR1470603
gtex	SRR1352256
gtex	SRR1349231
gtex	SRR1486799
gtex	SRR1446564
gtex	SRR1446911
gtex	SRR1350371
gtex	SRR1320137
gtex	SRR1385411
gtex	SRR1414314
gtex	SRR657115
gtex	SRR1074719
gtex	SRR1312406
gtex	SRR1464601
gtex	SRR1096876
gtex	SRR612635
gtex	SRR1348294
gtex	SRR1082833
gtex	SRR1080998
gtex	SRR1318898
gtex	SRR1419110
gtex	SRR1465018
gtex	SRR1311509
gtex	SRR661084
gtex	SRR1382485
gtex	SRR1361456
gtex	SRR1388809
gtex	SRR1320579
gtex	SRR1092985
gtex	SRR1400551
gtex	SRR1325483
gtex	SRR1408595
gtex	SRR1458220
gtex	SRR5125371
gtex	SRR1454328
gtex	SRR1377468
gtex	SRR615105
gtex	SRR1367654
gtex	SRR659590
gtex	SRR817978
gtex	SRR662126
gtex	SRR1322790
gtex	SRR1445835
gtex	SRR1407202
gtex	SRR1404837
gtex	SRR1328642
gtex	SRR1433576
gtex	SRR1335113
gtex	SRR5125400
gtex	SRR607018
gtex	SRR1471456
gtex	SRR1310433
gtex	SRR1358539
gtex	SRR1390027
gtex	SRR1434650
gtex	SRR815783
gtex	SRR1468162
gtex	SRR1094073
gtex	SRR1355352
gtex	SRR1352530
gtex	SRR5125586
gtex	SRR1469169
gtex	SRR1083657
gtex	SRR1096174
gtex	SRR1447631
gtex	SRR819744
gtex	SRR1401752
gtex	SRR603421
gtex	SRR615407
gtex	SRR1088581
gtex	SRR1077239
gtex	SRR1395874
gtex	SRR1370216
gtex	SRR1310412
gtex	SRR1323422
gtex	SRR1317920
gtex	SRR1365356
gtex	SRR1400180
gtex	SRR614083
gtex	SRR1381348
gtex	SRR1431183
gtex	SRR1420669
gtex	SRR1429429
gtex	SRR1312598
gtex	SRR1345647
gtex	SRR1099648
gtex	SRR1486391
gtex	SRR1356248
gtex	SRR1098474
gtex	SRR1386991
gtex	SRR1377927
gtex	SRR1475300
gtex	SRR1459009
gtex	SRR1329003
gtex	SRR1488261
gtex	SRR1407950
gtex	SRR1359760
gtex	SRR5125417
gtex	SRR1381865
gtex	SRR1481351
gtex	SRR1435351
gtex	SRR1419561
gtex	SRR1356101
gtex	SRR1415257
gtex	SRR1408183
gtex	SRR1083432
gtex	SRR1375509
gtex	SRR614972
gtex	SRR601387
gtex	SRR614311
gtex	SRR1457895
gtex	SRR601581
gtex	SRR600688
gtex	SRR1420320
gtex	SRR1072345
gtex	SRR1313910
gtex	SRR1486080
gtex	SRR1490589
gtex	SRR5125341
gtex	SRR613807
gtex	SRR662019
gtex	SRR1100991
gtex	SRR1489092
gtex	SRR1324390
gtex	SRR1467149
gtex	SRR809619
gtex	SRR1478614
gtex	SRR1446156
gtex	SRR1320785
gtex	SRR1436065
gtex	SRR1418022
gtex	SRR813339
gtex	SRR1328797
gtex	SRR1381435
gtex	SRR5125373
gtex	SRR607042
gtex	SRR5125365
gtex	SRR807849
gtex	SRR1391748
gtex	SRR1354138
gtex	SRR5125358
gtex	SRR604528
gtex	SRR1089446
gtex	SRR1452604
gtex	SRR808994
gtex	SRR1340662
gtex	SRR1431083
gtex	SRR1413810
gtex	SRR1331684
gtex	SRR1088168
gtex	SRR661385
gtex	SRR1475104
gtex	SRR661901
gtex	SRR5125401
gtex	SRR1440224
gtex	SRR1447103
gtex	SRR660871
gtex	SRR665478
gtex	SRR1356290
gtex	SRR1442066
gtex	SRR603164
gtex	SRR658585
gtex	SRR1406088
gtex	SRR1487947
gtex	SRR1448029
gtex	SRR1486021
gtex	SRR1354291
gtex	SRR661973
gtex	SRR660697
gtex	SRR1416516
gtex	SRR1365426
gtex	SRR1360807
gtex	SRR1414727
gtex	SRR818901
gtex	SRR1323087
gtex	SRR2185057
gtex	SRR1356553
gtex	SRR1366102
gtex	SRR5125386
gtex	SRR1068855
gtex	SRR602217
gtex	SRR814844
gtex	SRR1361368
gtex	SRR1408161
gtex	SRR1320403
gtex	SRR1465871
gtex	SRR665670
gtex	SRR660378
gtex	SRR1359447
gtex	SRR663717
gtex	SRR1071807
gtex	SRR1357148
gtex	SRR661325
gtex	SRR1318465
gtex	SRR1435418
gtex	SRR613330
gtex	SRR815470
gtex	SRR607067
gtex	SRR1319118
gtex	SRR661577
gtex	SRR1326624
gtex	SRR1471965
gtex	SRR1100588
gtex	SRR5125416
gtex	SRR1413872
gtex	SRR1075683
gtex	SRR1351166
gtex	SRR1467567
gtex	SRR1388746
gtex	SRR1394637
gtex	SRR1360402
gtex	SRR627431
gtex	SRR1434955
gtex	SRR615611
gtex	SRR1365873
gtex	SRR5125361
gtex	SRR1404024
gtex	SRR1384371
gtex	SRR1314832
gtex	SRR655732
gtex	SRR1368072
gtex	SRR1383855
gtex	SRR1101693
gtex	SRR1090265
gtex	SRR1489610
gtex	SRR1356705
gtex	SRR658200
gtex	SRR1348911
gtex	SRR1084007
gtex	SRR1089833
gtex	SRR1409575
gtex	SRR1402153
gtex	SRR1430679
gtex	SRR615117
gtex	SRR1075223
gtex	SRR659001
gtex	SRR818009
gtex	SRR1451740
gtex	SRR1408682
gtex	SRR1337794
gtex	SRR1454117
gtex	SRR1419429
gtex	SRR613699
gtex	SRR654802
gtex	SRR1311644
gtex	SRR1418561
gtex	SRR1319204
gtex	SRR1488091
gtex	SRR1334608
gtex	SRR1443592
gtex	SRR1487089
gtex	SRR663088
gtex	SRR608344
gtex	SRR1320071
gtex	SRR1377714
gtex	SRR1387240
gtex	SRR1331311
gtex	SRR2165634
gtex	SRR660260
gtex	SRR1471731
gtex	SRR1355217
gtex	SRR612539
gtex	SRR658681
gtex	SRR1445280
gtex	SRR1399880
gtex	SRR1083776
gtex	SRR1459125
gtex	SRR613879
gtex	SRR1432453
gtex	SRR1353900
gtex	SRR1457397
gtex	SRR1073679
gtex	SRR608002
gtex	SRR814768
gtex	SRR1400032
gtex	SRR1318839
gtex	SRR598172
gtex	SRR1415854
gtex	SRR1341432
gtex	SRR1333106
gtex	SRR1330522
gtex	SRR662906
gtex	SRR808244
gtex	SRR615814
gtex	SRR660895
gtex	SRR1333462
gtex	SRR1490658
gtex	SRR1087585
gtex	SRR1069024
gtex	SRR1319753
gtex	SRR662198
gtex	SRR1084720
gtex	SRR1077288
gtex	SRR1415048
gtex	SRR1325225
gtex	SRR1343741
gtex	SRR662211
gtex	SRR816015
gtex	SRR658033
gtex	SRR663513
gtex	SRR1441934
gtex	SRR1326536
gtex	SRR663356
gtex	SRR1452099
gtex	SRR1345541
gtex	SRR1362263
gtex	SRR613438
gtex	SRR615273
gtex	SRR1430489
gtex	SRR1387966
gtex	SRR613963
gtex	SRR5125349
gtex	SRR1486156
gtex	SRR2165806
gtex	SRR1472259
gtex	SRR1440421
gtex	SRR601263
gtex	SRR664063
gtex	SRR1499566
gtex	SRR1439785
gtex	SRR660115
gtex	SRR1332299
gtex	SRR1370742
gtex	SRR1451876
gtex	SRR1319626
gtex	SRR814868
gtex	SRR817373
gtex	SRR1313514
gtex	SRR607117
gtex	SRR1420960
gtex	SRR1446850
gtex	SRR1478968
gtex	SRR1341854
gtex	SRR1332488
gtex	SRR1406112
gtex	SRR613498
gtex	SRR1409130
gtex	SRR1436539
gtex	SRR614527
gtex	SRR614503
gtex	SRR1489307
gtex	SRR1469614
gtex	SRR1394406
gtex	SRR1478053
gtex	SRR1084577
gtex	SRR1452631
gtex	SRR661639
gtex	SRR5125344
gtex	SRR1311062
gtex	SRR1389777
gtex	SRR1470093
gtex	SRR1499740
gtex	SRR655887
gtex	SRR807925
gtex	SRR1332879
gtex	SRR660626
gtex	SRR1071359
gtex	SRR661961
gtex	SRR608392
gtex	SRR657869
gtex	SRR1090907
gtex	SRR1466376
gtex	SRR1444852
gtex	SRR1433066
gtex	SRR1440246
gtex	SRR1444283
gtex	SRR1429468
gtex	SRR1093930
gtex	SRR1337540
gtex	SRR656203
gtex	SRR659061
gtex	SRR816745
gtex	SRR1318005
gtex	SRR1336263
gtex	SRR1350435
gtex	SRR1087654
gtex	SRR1489950
gtex	SRR1468271
gtex	SRR1379110
gtex	SRR1385277
gtex	SRR1343501
gtex	SRR1367499
gtex	SRR1376249
gtex	SRR1404555
gtex	SRR659319
gtex	SRR1351480
gtex	SRR1368264
gtex	SRR1477991
gtex	SRR1467431
gtex	SRR1436763
gtex	SRR1317898
gtex	SRR612899
gtex	SRR1317134
gtex	SRR1332007
gtex	SRR1086328
gtex	SRR811771
gtex	SRR1097594
gtex	SRR1328407
gtex	SRR1079830
gtex	SRR5125397
gtex	SRR1090508
gtex	SRR807637
gtex	SRR1444222
gtex	SRR1430157
gtex	SRR1447037
gtex	SRR1384138
gtex	SRR1375842
gtex	SRR819164
gtex	SRR659708
gtex	SRR5125340
gtex	SRR662990
gtex	SRR600981
gtex	SRR818773
gtex	SRR1380931
gtex	SRR1465734
gtex	SRR1099260
gtex	SRR1474839
gtex	SRR1387054
gtex	SRR1351280
gtex	SRR1458465
gtex	SRR1363766
gtex	SRR604002
gtex	SRR1440491
gtex	SRR598725
gtex	SRR5125377
gtex	SRR1469014
gtex	SRR5125350
gtex	SRR1454310
gtex	SRR1447523
gtex	SRR1376294
gtex	SRR5125356
gtex	SRR1480038
gtex	SRR1354270
gtex	SRR1363742
gtex	SRR1489030
gtex	SRR1333718
gtex	SRR614167
gtex	SRR1351836
gtex	SRR1443092
gtex	SRR820107
gtex	SRR654766
gtex	SRR1336379
gtex	SRR1374585
gtex	SRR1374671
gtex	SRR1402261
gtex	SRR1084417
gtex	SRR655052
gtex	SRR1401295
gtex	SRR1099744
gtex	SRR601038
gtex	SRR627419
gtex	SRR814794
gtex	SRR1434502
gtex	SRR1468050
gtex	SRR1392547
gtex	SRR613603
gtex	SRR1430375
gtex	SRR627441
gtex	SRR1471222
gtex	SRR601335
gtex	SRR1435311
gtex	SRR1097929
gtex	SRR816589
gtex	SRR1468426
gtex	SRR1469880
gtex	SRR1455525
gtex	SRR1500261
gtex	SRR2166420
gtex	SRR1404401
gtex	SRR658212
gtex	SRR1076511
gtex	SRR821653
gtex	SRR5125398
gtex	SRR657915
gtex	SRR1354955
gtex	SRR5125581
gtex	SRR656860
gtex	SRR1393449
gtex	SRR614575
gtex	SRR820914
gtex	SRR1342739
gtex	SRR1349851
gtex	SRR809259
gtex	SRR613951
gtex	SRR655170
gtex	SRR1362219
gtex	SRR1464681
gtex	SRR1441590
gtex	SRR1405437
gtex	SRR1074670
gtex	SRR1409263
gtex	SRR656409
gtex	SRR1341164
gtex	SRR1469746
gtex	SRR1395742
gtex	SRR818348
gtex	SRR1319560
gtex	SRR1319772
gtex	SRR810981
gtex	SRR1467407
gtex	SRR1415072
gtex	SRR1436563
gtex	SRR602564
gtex	SRR1089399
gtex	SRR1102152
gtex	SRR663296
gtex	SRR660545
gtex	SRR656782
gtex	SRR1360460
gtex	SRR1071955
gtex	SRR613426
gtex	SRR1394190
gtex	SRR1081712
gtex	SRR818600
gtex	SRR603330
gtex	SRR1476507
gtex	SRR663874
gtex	SRR1444348
gtex	SRR655399
gtex	SRR1471500
gtex	SRR817046
gtex	SRR819210
gtex	SRR1326604
gtex	SRR1363908
gtex	SRR1359280
gtex	SRR1454651
gtex	SRR1488470
gtex	SRR1414559
gtex	SRR662534
gtex	SRR1403133
gtex	SRR1379538
gtex	SRR1377006
gtex	SRR1357541
gtex	SRR1385101
gtex	SRR1471331
gtex	SRR1339856
gtex	SRR1480789
gtex	SRR1399433
gtex	SRR1413892
gtex	SRR1452888
gtex	SRR821356
gtex	SRR1409510
gtex	SRR815067
gtex	SRR1348181
gtex	SRR809283
gtex	SRR1453911
gtex	SRR1431288
gtex	SRR662007
gtex	SRR814317
gtex	SRR1417483
gtex	SRR1097574
gtex	SRR607214
gtex	SRR1349209
gtex	SRR813802
gtex	SRR1389324
gtex	SRR1478386
gtex	SRR661155
gtex	SRR1318208
gtex	SRR1350855
gtex	SRR1487570
gtex	SRR1368939
gtex	SRR1092422
gtex	SRR612767
gtex	SRR807493
gtex	SRR1362972
gtex	SRR1471178
gtex	SRR820883
gtex	SRR1457375
gtex	SRR1464915
gtex	SRR1084369
gtex	SRR1488214
gtex	SRR1442173
gtex	SRR1319648
gtex	SRR1433044
gtex	SRR1327702
gtex	SRR1345894
gtex	SRR1357781
gtex	SRR1486280
gtex	SRR1476207
gtex	SRR1394147
gtex	SRR1091452
gtex	SRR1072129
gtex	SRR602784
gtex	SRR1397673
gtex	SRR606974
gtex	SRR1418968
gtex	SRR1499584
gtex	SRR615225
gtex	SRR1370572
gtex	SRR1328383
gtex	SRR1343393
gtex	SRR1333209
gtex	SRR598220
gtex	SRR662294
gtex	SRR1471690
gtex	SRR1311553
gtex	SRR659169
gtex	SRR821410
gtex	SRR1414332
gtex	SRR1331220
gtex	SRR1356078
gtex	SRR1386967
gtex	SRR1102830
gtex	SRR1375796
gtex	SRR1321307
gtex	SRR1435560
gtex	SRR1309070
gtex	SRR1402328
gtex	SRR816250
gtex	SRR1407758
gtex	SRR5125580
gtex	SRR816920
gtex	SRR1398183
gtex	SRR1477861
gtex	SRR1366648
gtex	SRR1071692
gtex	SRR612695
gtex	SRR1452515
gtex	SRR1318241
gtex	SRR1479845
gtex	SRR1093601
gtex	SRR1326471
gtex	SRR1446332
gtex	SRR1498313
gtex	SRR1073413
gtex	SRR613126
gtex	SRR598831
gtex	SRR1418041
gtex	SRR1429265
gtex	SRR1320321
gtex	SRR1310476
gtex	SRR1335400
gtex	SRR1480547
gtex	SRR1314940
gtex	SRR818537
gtex	SRR1368529
gtex	SRR1380270
gtex	SRR1326161
gtex	SRR1400054
gtex	SRR662366
gtex	SRR1387702
gtex	SRR5125343
gtex	SRR1455925
gtex	SRR1085519
gtex	SRR659768
gtex	SRR1375658
gtex	SRR1331422
gtex	SRR1353517
gtex	SRR660007
gtex	SRR1430468
gtex	SRR1085759
gtex	SRR654921
gtex	SRR1435248
gtex	SRR1364975
gtex	SRR1446244
gtex	SRR1440397
gtex	SRR1085426
gtex	SRR1397156
gtex	SRR5125385
gtex	SRR601815
gtex	SRR809943
gtex	SRR5125364
gtex	SRR1490037
gtex	SRR1392701
