sample	bam_path	group	technology
SRR1559043	data/target/star-output/SRR1559043/Aligned.sortedByCoord.out.bam	target	short
SRR1559044	data/target/star-output/SRR1559044/Aligned.sortedByCoord.out.bam	target	short
SRR1559052	data/target/star-output/SRR1559052/Aligned.sortedByCoord.out.bam	target	short
SRR1559054	data/target/star-output/SRR1559054/Aligned.sortedByCoord.out.bam	target	short
SRR1559075	data/target/star-output/SRR1559075/Aligned.sortedByCoord.out.bam	target	short
SRR1559100	data/target/star-output/SRR1559100/Aligned.sortedByCoord.out.bam	target	short
SRR1559105	data/target/star-output/SRR1559105/Aligned.sortedByCoord.out.bam	target	short
SRR1559133	data/target/star-output/SRR1559133/Aligned.sortedByCoord.out.bam	target	short
SRR1559134	data/target/star-output/SRR1559134/Aligned.sortedByCoord.out.bam	target	short
SRR1559145	data/target/star-output/SRR1559145/Aligned.sortedByCoord.out.bam	target	short
SRR1559160	data/target/star-output/SRR1559160/Aligned.sortedByCoord.out.bam	target	short
SRR1559164	data/target/star-output/SRR1559164/Aligned.sortedByCoord.out.bam	target	short
SRR1559177	data/target/star-output/SRR1559177/Aligned.sortedByCoord.out.bam	target	short
SRR1559183	data/target/star-output/SRR1559183/Aligned.sortedByCoord.out.bam	target	short
SRR1559184	data/target/star-output/SRR1559184/Aligned.sortedByCoord.out.bam	target	short
SRR1712453	data/target/star-output/SRR1712453/Aligned.sortedByCoord.out.bam	target	short
SRR1712454	data/target/star-output/SRR1712454/Aligned.sortedByCoord.out.bam	target	short
SRR1712455	data/target/star-output/SRR1712455/Aligned.sortedByCoord.out.bam	target	short
SRR1712456	data/target/star-output/SRR1712456/Aligned.sortedByCoord.out.bam	target	short
SRR1712457	data/target/star-output/SRR1712457/Aligned.sortedByCoord.out.bam	target	short
SRR1712458	data/target/star-output/SRR1712458/Aligned.sortedByCoord.out.bam	target	short
SRR1712459	data/target/star-output/SRR1712459/Aligned.sortedByCoord.out.bam	target	short
SRR1712460	data/target/star-output/SRR1712460/Aligned.sortedByCoord.out.bam	target	short
SRR1712461	data/target/star-output/SRR1712461/Aligned.sortedByCoord.out.bam	target	short
SRR1712462	data/target/star-output/SRR1712462/Aligned.sortedByCoord.out.bam	target	short
SRR1712463	data/target/star-output/SRR1712463/Aligned.sortedByCoord.out.bam	target	short
SRR1712464	data/target/star-output/SRR1712464/Aligned.sortedByCoord.out.bam	target	short
SRR1712465	data/target/star-output/SRR1712465/Aligned.sortedByCoord.out.bam	target	short
SRR1784865	data/target/star-output/SRR1784865/Aligned.sortedByCoord.out.bam	target	short
SRR1784867	data/target/star-output/SRR1784867/Aligned.sortedByCoord.out.bam	target	short
SRR1791016	data/target/star-output/SRR1791016/Aligned.sortedByCoord.out.bam	target	short
SRR1791028	data/target/star-output/SRR1791028/Aligned.sortedByCoord.out.bam	target	short
SRR1791108	data/target/star-output/SRR1791108/Aligned.sortedByCoord.out.bam	target	short
SRR1796863	data/target/star-output/SRR1796863/Aligned.sortedByCoord.out.bam	target	short
SRR1796867	data/target/star-output/SRR1796867/Aligned.sortedByCoord.out.bam	target	short
SRR1796893	data/target/star-output/SRR1796893/Aligned.sortedByCoord.out.bam	target	short
SRR1796906	data/target/star-output/SRR1796906/Aligned.sortedByCoord.out.bam	target	short
SRR1796912	data/target/star-output/SRR1796912/Aligned.sortedByCoord.out.bam	target	short
SRR1796939	data/target/star-output/SRR1796939/Aligned.sortedByCoord.out.bam	target	short
SRR1796967	data/target/star-output/SRR1796967/Aligned.sortedByCoord.out.bam	target	short
SRR1796990	data/target/star-output/SRR1796990/Aligned.sortedByCoord.out.bam	target	short
SRR1797014	data/target/star-output/SRR1797014/Aligned.sortedByCoord.out.bam	target	short
SRR1797024	data/target/star-output/SRR1797024/Aligned.sortedByCoord.out.bam	target	short
SRR1797033	data/target/star-output/SRR1797033/Aligned.sortedByCoord.out.bam	target	short
SRR1797034	data/target/star-output/SRR1797034/Aligned.sortedByCoord.out.bam	target	short
SRR1797035	data/target/star-output/SRR1797035/Aligned.sortedByCoord.out.bam	target	short
SRR1797039	data/target/star-output/SRR1797039/Aligned.sortedByCoord.out.bam	target	short
SRR1797052	data/target/star-output/SRR1797052/Aligned.sortedByCoord.out.bam	target	short
SRR1797053	data/target/star-output/SRR1797053/Aligned.sortedByCoord.out.bam	target	short
SRR1797055	data/target/star-output/SRR1797055/Aligned.sortedByCoord.out.bam	target	short
SRR1797057	data/target/star-output/SRR1797057/Aligned.sortedByCoord.out.bam	target	short
SRR1797087	data/target/star-output/SRR1797087/Aligned.sortedByCoord.out.bam	target	short
SRR1797107	data/target/star-output/SRR1797107/Aligned.sortedByCoord.out.bam	target	short
SRR1797111	data/target/star-output/SRR1797111/Aligned.sortedByCoord.out.bam	target	short
SRR1799022	data/target/star-output/SRR1799022/Aligned.sortedByCoord.out.bam	target	short
SRR1799025	data/target/star-output/SRR1799025/Aligned.sortedByCoord.out.bam	target	short
SRR1799041	data/target/star-output/SRR1799041/Aligned.sortedByCoord.out.bam	target	short
SRR1799042	data/target/star-output/SRR1799042/Aligned.sortedByCoord.out.bam	target	short
SRR1799057	data/target/star-output/SRR1799057/Aligned.sortedByCoord.out.bam	target	short
SRR1799058	data/target/star-output/SRR1799058/Aligned.sortedByCoord.out.bam	target	short
SRR1799059	data/target/star-output/SRR1799059/Aligned.sortedByCoord.out.bam	target	short
SRR1799061	data/target/star-output/SRR1799061/Aligned.sortedByCoord.out.bam	target	short
SRR1799062	data/target/star-output/SRR1799062/Aligned.sortedByCoord.out.bam	target	short
SRR1799067	data/target/star-output/SRR1799067/Aligned.sortedByCoord.out.bam	target	short
SRR1799069	data/target/star-output/SRR1799069/Aligned.sortedByCoord.out.bam	target	short
SRR1799081	data/target/star-output/SRR1799081/Aligned.sortedByCoord.out.bam	target	short
SRR1810588	data/target/star-output/SRR1810588/Aligned.sortedByCoord.out.bam	target	short
SRR2042833	data/target/star-output/SRR2042833/Aligned.sortedByCoord.out.bam	target	short
SRR2042845	data/target/star-output/SRR2042845/Aligned.sortedByCoord.out.bam	target	short
SRR2042853	data/target/star-output/SRR2042853/Aligned.sortedByCoord.out.bam	target	short
SRR2042854	data/target/star-output/SRR2042854/Aligned.sortedByCoord.out.bam	target	short
SRR2042856	data/target/star-output/SRR2042856/Aligned.sortedByCoord.out.bam	target	short
SRR2083154	data/target/star-output/SRR2083154/Aligned.sortedByCoord.out.bam	target	short
SRR2083162	data/target/star-output/SRR2083162/Aligned.sortedByCoord.out.bam	target	short
SRR2083171	data/target/star-output/SRR2083171/Aligned.sortedByCoord.out.bam	target	short
SRR2083176	data/target/star-output/SRR2083176/Aligned.sortedByCoord.out.bam	target	short
SRR2083188	data/target/star-output/SRR2083188/Aligned.sortedByCoord.out.bam	target	short
SRR2239703	data/target/star-output/SRR2239703/Aligned.sortedByCoord.out.bam	target	short
SRR2239717	data/target/star-output/SRR2239717/Aligned.sortedByCoord.out.bam	target	short
SRR3162160	data/target/star-output/SRR3162160/Aligned.sortedByCoord.out.bam	target	short
SRR3162195	data/target/star-output/SRR3162195/Aligned.sortedByCoord.out.bam	target	short
SRR3162212	data/target/star-output/SRR3162212/Aligned.sortedByCoord.out.bam	target	short
SRR3162237	data/target/star-output/SRR3162237/Aligned.sortedByCoord.out.bam	target	short
SRR3162253	data/target/star-output/SRR3162253/Aligned.sortedByCoord.out.bam	target	short
SRR4376029	data/target/star-output/SRR4376029/Aligned.sortedByCoord.out.bam	target	short
SRR4416297	data/target/star-output/SRR4416297/Aligned.sortedByCoord.out.bam	target	short
SRR4419554	data/target/star-output/SRR4419554/Aligned.sortedByCoord.out.bam	target	short
SRR4419565	data/target/star-output/SRR4419565/Aligned.sortedByCoord.out.bam	target	short
